{"cameraMode":{"drawMode":0,"name":"Shaded","section":"Shading Mode"},"sceneLighting":true,"audioPlay":false,"sceneViewState":{"showFog":true,"showMaterialUpdate":false,"showSkybox":true,"showFlares":true,"showImageEffects":true,"showParticleSystems":true},"in2DMode":false,"pivot":{"x":4.2996907234191898,"y":-5.023270606994629,"z":-1.1265125274658204},"rotation":{"x":-0.3643960654735565,"y":-0.3274988532066345,"z":0.13867339491844178,"w":-0.8606930375099182},"size":18.504013061523439,"orthographic":false}