{"cameraMode":{"drawMode":0,"name":"Shaded","section":"Shading Mode"},"sceneLighting":true,"audioPlay":false,"sceneViewState":{"showFog":true,"showMaterialUpdate":false,"showSkybox":true,"showFlares":true,"showImageEffects":true,"showParticleSystems":true},"in2DMode":false,"pivot":{"x":2.172070264816284,"y":-4.558277130126953,"z":10.108817100524903},"rotation":{"x":0.19222499430179597,"y":0.02649306319653988,"z":-0.005191226955503225,"w":0.9809821844100952},"size":28.046398162841798,"orthographic":false}